Outcome,Predictor,Coef,StdError,t_value,p_value,FDR,logPval
first_z_mocam,MT.CO1_heteroplasmic,-1.51185723960201,0.527541402440366,-2.86585513972604,0.00470418514989314,0.0810048764105618,2.32751559339567
first_z_mocam,MT.ND1_heteroplasmic,-2.63708360855887,0.983780256931588,-2.68056162946788,0.00810048764105618,0.0810048764105618,2.09148883625157
first_z_mocam,MT.DLOOP2_heteroplasmic,-2.25609925568963,0.994783772982617,-2.2679292897242,0.0246384996681651,0.164256664454434,1.60838574154314
first_comp_overall2,MT.ND2_heteroplasmic,0.879712283323737,0.388826505395882,2.26248023505512,0.024933634117673,0.498672682353461,1.60321441775663
first_z_moca,MT.CO1_heteroplasmic,-0.996900713890426,0.513776379379659,-1.9403397156835,0.0540535935709659,0.629121624405454,1.26717542814616
first_comp_memory2,MT.CO2_heteroplasmic,1.17532098344338,0.63754378987591,1.84351412735452,0.0669949718138239,0.787774007806633,1.1739577912612
first_z_moca,MT.DLOOP2_heteroplasmic,-1.72934234031576,0.961677502472303,-1.79825600148691,0.0739756921185944,0.629121624405454,1.1309109628773
first_z_mocam,MT.ND6_heteroplasmic,-1.36629407408685,0.798053197245436,-1.71203383283566,0.088780662578781,0.443903312893905,1.0516816181163
first_z_wld,MT.TN_heteroplasmic,-1.81789135500476,1.09307680122914,-1.66309572480231,0.0981357821810699,0.793069648447689,1.00817261167863
first_z_moca,MT.ND1_heteroplasmic,-1.58456663873022,0.95819407162902,-1.65370115057831,0.100101095440049,0.629121624405454,0.999561169863685
first_z_af,MT.ND2_heteroplasmic,0.708399644780978,0.435918660649639,1.62507299808012,0.105999517692417,0.863859164165951,0.974696110810687
first_comp_memory2,MT.CO3_heteroplasmic,0.572601574695235,0.373901904308932,1.53142192670442,0.127523910954702,0.787774007806633,0.894408376625498
first_comp_fluency,MT.ND2_heteroplasmic,0.595984659092581,0.398928758419951,1.49396263496549,0.137039159363932,0.953831321247456,0.863155314116725
first_comp_overall,MT.ND2_heteroplasmic,0.560803481788323,0.380744364155047,1.47291341536431,0.142623460907963,0.738851101040674,0.845809029148911
first_z_mocam,MT.TF_heteroplasmic,-2.04473998436021,1.42107189122489,-1.43887159895743,0.152092680362619,0.49372616826556,0.817891686371831
first_z_lf,MT.TN_heteroplasmic,-1.26310972754237,0.891604078753185,-1.41667109610882,0.158408977266595,0.965226621188362,0.80022020995064
first_comp_memory,MT.CO2_heteroplasmic,0.873222553148838,0.630651378800372,1.38463592168765,0.167978454582761,0.906561741492892,0.774746418606718
first_z_wld,MT.TF_heteroplasmic,-1.51083074398422,1.10402749139227,-1.36847203150616,0.172970153250943,0.793069648447689,0.762028829800121
first_z_moca,MT.DLOOP1_heteroplasmic,-0.599535672788998,0.440418349452718,-1.36128677093951,0.175290492886466,0.629121624405454,0.756241637807589
first_comp_memory2,MT.ND2_heteroplasmic,0.564999892563915,0.415861390391138,1.35862550748581,0.176065300784131,0.787774007806633,0.75432622701318
first_comp_memory2,MT.ND1_heteroplasmic,-0.848179025927171,0.628350942429893,-1.34984921427376,0.178858985123321,0.787774007806633,0.747489237838405
first_z_wld,MT.CO2_heteroplasmic,0.862808052435257,0.64206667269144,1.34379822085844,0.180804433530327,0.793069648447689,0.742790924335495
first_z_af,MT.RNR1_heteroplasmic,-0.527382516793248,0.395055176067745,-1.33495913670249,0.183674707001861,0.863859164165951,0.735950644270173
first_comp_overall,MT.TN_heteroplasmic,-1.33074401821581,1.002170750867,-1.32786156157975,0.186004008898209,0.738851101040674,0.730477695440102
first_z_af,MT.ATP6_heteroplasmic,-0.848437694196804,0.664022712139968,-1.27772390715751,0.203088842435606,0.863859164165951,0.692313935786499
first_z_moca,MT.CYB_heteroplasmic,-0.507282599829624,0.397582099439543,-1.27591911342267,0.203788237135086,0.629121624405454,0.690820887526629
first_z_wll,MT.CO3_heteroplasmic,0.509823680221593,0.403462645257249,1.2636205264964,0.208096343814183,0.888289967125974,0.681735550135677
first_z_mocam,MT.CYB_heteroplasmic,-0.522013245964215,0.413654984321869,-1.26195323578654,0.208757384749847,0.49372616826556,0.680358152494027
first_z_lf,MT.ATP8_heteroplasmic,-0.810546503117543,0.642647874524148,-1.26126069228458,0.208942964891184,0.965226621188362,0.679972246967706
first_z_wll,MT.CO2_heteroplasmic,0.869672216847252,0.690064065235966,1.26027750271255,0.209296438890278,0.888289967125974,0.679238160975498
first_comp_overall2,MT.TN_heteroplasmic,-1.29545930631353,1.03274339945431,-1.25438643035436,0.211423539033354,0.825400548128407,0.674846661762806
first_z_mocam,MT.ND3_heteroplasmic,1.72746702461093,1.39140237140257,1.24152945266982,0.216182963503721,0.49372616826556,0.665178534008305
first_z_moca,MT.ND4_heteroplasmic,-0.843794671067144,0.680071914035907,-1.2407433003072,0.21647257645687,0.629121624405454,0.664597113850192
first_z_wld,MT.CO1_heteroplasmic,-0.458494090781915,0.370320556255355,-1.23810056729813,0.217385854592868,0.793069648447689,0.66276871909117
first_z_moca,MT.ND6_heteroplasmic,-0.948143084732809,0.770401690310682,-1.23071262259361,0.220192568541909,0.629121624405454,0.657197342474638
first_z_lf,MT.ND6_heteroplasmic,-0.613487640089786,0.507651971454633,-1.20848075962729,0.228540676172682,0.965226621188362,0.641036492026601
first_comp_memory2,MT.CO1_heteroplasmic,-0.441559917870104,0.369525589237634,-1.19493732161035,0.233775910104218,0.787774007806633,0.631200243592628
first_comp_fluency,MT.TN_heteroplasmic,-1.25338648569302,1.05127127784095,-1.19225789966141,0.23482172581987,0.953831321247456,0.629261724429589
first_z_af,MT.TI_heteroplasmic,1.34645858238562,1.12984868533966,1.19171584642845,0.235033702594226,0.863859164165951,0.628869857723053
first_comp_fluency,MT.ND5_heteroplasmic,0.385158419221993,0.323585558285697,1.19028309317171,0.235594656850952,0.953831321247456,0.627834563318133
first_z_mocam,MT.TN_heteroplasmic,-1.63871058723667,1.41838019318686,-1.15533944643908,0.249631941288659,0.49372616826556,0.602699845921142
first_z_mocam,MT.DLOOP1_heteroplasmic,-0.530139822407641,0.458891758190446,-1.15526115460898,0.249663899090913,0.49372616826556,0.602644251237312
first_comp_fluency,MT.RNR1_heteroplasmic,-0.406742739243748,0.361649134066522,-1.12468882386134,0.262306404484901,0.953831321247456,0.581191105526704
first_comp_memory,MT.TF_heteroplasmic,-1.21914261261123,1.08669368117908,-1.12188248972649,0.263494515000594,0.906561741492892,0.579228420792112
first_z_af,MT.ND5_heteroplasmic,0.394782485429188,0.354189173245569,1.11460912769198,0.266591237700498,0.863859164165951,0.574154129043915
first_comp_overall,MT.ND4_heteroplasmic,-0.55515330006779,0.503386620153813,-1.10283682132465,0.271656799583429,0.738851101040674,0.565979420081374
first_z_lf,MT.TI_heteroplasmic,-0.96165047949647,0.877954996395825,-1.09533003792248,0.274921437751953,0.965226621188362,0.560791393534595
first_comp_memory2,MT.DLOOP1_heteroplasmic,-0.356832340351467,0.325804145589732,-1.09523572729737,0.274962623823973,0.787774007806633,0.560726336606807
first_comp_memory2,MT.TF_heteroplasmic,-1.20667360784721,1.10349555411343,-1.09350110505581,0.275720902732321,0.787774007806633,0.559530308260601
first_comp_overall,MT.ND5_heteroplasmic,0.336847535833471,0.308985366736693,1.09017310234151,0.277179744151201,0.738851101040674,0.557238510441137
first_z_mocam,MT.CO2_heteroplasmic,0.901803441917918,0.827722098112196,1.08950026098697,0.277531653735919,0.49372616826556,0.556687476473358
first_comp_overall2,MT.ATP8_heteroplasmic,-0.808305322994271,0.744332379094324,-1.08594674327857,0.279040017758399,0.825400548128407,0.55433350910857
first_comp_overall,MT.ATP8_heteroplasmic,-0.780934262957974,0.722721615814497,-1.08054643153003,0.281429459168861,0.738851101040674,0.550630443913218
first_comp_memory,MT.CO3_heteroplasmic,0.397807768514534,0.369550717241867,1.07646325647414,0.283245389497188,0.906561741492892,0.547837150598639
first_z_mocam,MT.ND4_heteroplasmic,-0.753027247654224,0.708365603545698,-1.06304886048246,0.289322595269813,0.49372616826556,0.538617647866696
first_comp_overall2,MT.CYB_heteroplasmic,-0.306857915547355,0.290649664485138,-1.05576559357441,0.292573393732241,0.825400548128407,0.533765170625789
first_comp_overall2,MT.CO3_heteroplasmic,0.371797038713975,0.354188165418128,1.04971615377114,0.295338617793316,0.825400548128407,0.529679761981784
first_comp_overall2,MT.ND5_heteroplasmic,0.333652170517045,0.318319016176915,1.04816914340929,0.296048588897247,0.825400548128407,0.52863700462285
first_comp_overall2,MT.DLOOP1_heteroplasmic,-0.321294708707529,0.307608615856864,-1.04449190349413,0.297740810488028,0.825400548128407,0.526161633760983
first_z_wld,MT.CYB_heteroplasmic,-0.313406569957551,0.308772859709343,-1.01500685731437,0.311544965536528,0.793069648447689,0.506479262407522
first_z_lf,MT.CO1_heteroplasmic,-0.303592237362893,0.301859067132377,-1.00574165370277,0.315969251383678,0.965226621188362,0.500355178787119
first_z_mocam,MT.TI_heteroplasmic,-1.39729044781081,1.3902608583456,-1.00505630970117,0.316350338492442,0.49372616826556,0.499831696512811
first_comp_overall,MT.CO3_heteroplasmic,0.345541684449774,0.343986337281653,1.0045215376297,0.316554962693791,0.738851101040674,0.499550873569979
first_z_af,MT.ND4_heteroplasmic,-0.576474848718648,0.577492398628039,-0.998237985622307,0.31958272884179,0.863859164165951,0.495416699230964
first_z_mocam,MT.TQ_heteroplasmic,-1.3768571031394,1.38297296118011,-0.995577745760486,0.320922009372614,0.49372616826556,0.493600497235135
first_z_af,MT.TN_heteroplasmic,-1.12779413245176,1.15166602133407,-0.979271864898249,0.328837202193953,0.863859164165951,0.483019055506716
first_comp_overall2,MT.TI_heteroplasmic,-0.983408473692288,1.01643454678266,-0.967507919526241,0.334664594347646,0.825400548128407,0.475390231152201
first_z_wld,MT.TQ_heteroplasmic,1.03246837606227,1.07342559151571,0.96184438327429,0.337493884238258,0.793069648447689,0.471734092657082
first_comp_memory,MT.TN_heteroplasmic,-1.01989825335477,1.07986330580151,-0.944469774901528,0.346270029086499,0.906561741492892,0.46058509656961
first_z_wld,MT.ND2_heteroplasmic,0.393544364621389,0.418052619722537,0.941375190717824,0.347848395574607,0.793069648447689,0.458609995453383
first_z_moca,MT.CO2_heteroplasmic,0.74306662948163,0.796408735911941,0.933021695989773,0.35218036885725,0.673423602808004,0.453234856019463
first_comp_fluency,MT.ATP8_heteroplasmic,-0.704696554784004,0.758048309301768,-0.929619585106777,0.353886227618279,0.953831321247456,0.45113633870685
first_comp_overall,MT.TI_heteroplasmic,-0.901278082956532,0.987186059827747,-0.912976914517811,0.362547631845433,0.738851101040674,0.440634927331096
first_comp_memory2,MT.TN_heteroplasmic,-0.987985696874902,1.09661602601012,-0.900940414366869,0.368894567382388,0.796805731175835,0.433097740471825
first_comp_overall2,MT.RNR1_heteroplasmic,-0.318957862545064,0.355912994494058,-0.89616807331936,0.371430246657783,0.825400548128407,0.430122733278772
first_z_moca,MT.ND5_heteroplasmic,-0.372350683030356,0.418444018851788,-0.889845872458848,0.374852104628434,0.673423602808004,0.426140046439986
first_comp_overall,MT.DLOOP1_heteroplasmic,-0.262648171505657,0.298946252293097,-0.878579910238004,0.380869186606483,0.738851101040674,0.419224161568728
first_z_af,MT.ATP8_heteroplasmic,-0.727168809020625,0.829552266731529,-0.876579859019253,0.38195187498816,0.863859164165951,0.417991353694915
first_comp_overall,MT.CYB_heteroplasmic,-0.24589477056527,0.282496197561598,-0.870435682631279,0.385289798704391,0.738851101040674,0.414212489624534
first_comp_fluency,MT.ND4_heteroplasmic,-0.454286519493746,0.528259979998177,-0.859967699039618,0.39101796920014,0.953831321247456,0.407803284176645
first_comp_overall,MT.RNR2_heteroplasmic,-0.231342751885598,0.269279942403859,-0.85911616669405,0.391486218807427,0.738851101040674,0.407283521476362
first_z_moca,MT.TF_heteroplasmic,-1.1726664969837,1.37154303893816,-0.854997957549746,0.39379959016807,0.673423602808004,0.404724740173112
first_z_wll,MT.TF_heteroplasmic,-0.995682592126729,1.18987275674287,-0.836797536950327,0.4038811372691,0.888289967125974,0.393746429502055
first_z_wll,MT.DLOOP2_heteroplasmic,0.565390676161809,0.677147464236578,0.834959452737869,0.404912396498857,0.888289967125974,0.39263892698897
first_comp_overall,MT.RNR1_heteroplasmic,-0.287732959198597,0.34567930500058,-0.832369641561602,0.406368105572371,0.738851101040674,0.391080385658905
first_comp_memory2,MT.CYB_heteroplasmic,-0.255386842678074,0.308326056536416,-0.828301200187115,0.408661293191004,0.796805731175835,0.388636495025451
first_z_wld,MT.ND6_heteroplasmic,-0.50824388719173,0.625195259239507,-0.812936246205645,0.417391639286515,0.793069648447689,0.379456254475397
first_comp_overall2,MT.CO2_heteroplasmic,0.491021316036386,0.606564469752504,0.809512163211169,0.419352204246941,0.838704408493882,0.377421069852276
first_comp_memory,MT.CYB_heteroplasmic,-0.24377592786699,0.303724487367866,-0.802621909018923,0.423313951774107,0.906561741492892,0.373337417614684
first_comp_memory,MT.ND2_heteroplasmic,0.326565751931141,0.4110600574986,0.794447784390371,0.428042443454767,0.906561741492892,0.368513165462789
first_z_moca,MT.ATP6_heteroplasmic,0.612536746874431,0.785741066779813,0.779565651805344,0.436770117266681,0.673423602808004,0.359747082643367
first_comp_memory2,MT.ND5_heteroplasmic,0.258957257562455,0.337759642274616,0.766690939801236,0.444328670365774,0.796805731175835,0.352295662946553
first_z_wld,MT.DLOOP1_heteroplasmic,-0.2489363683885,0.327198739303105,-0.760810903240964,0.447824005502629,0.793069648447689,0.348892629877366
first_z_moca,MT.TN_heteroplasmic,-1.03634387041217,1.36655703551369,-0.75836122714235,0.449323202038951,0.673423602808004,0.347441154838276
first_z_wld,MT.ND3_heteroplasmic,-0.819566348898315,1.08320872883393,-0.756609808508998,0.450330933752622,0.793069648447689,0.346468219822217
first_z_af,MT.CYB_heteroplasmic,-0.241201989973886,0.324068995735908,-0.744292089485929,0.45772736459221,0.863859164165951,0.339393123106573
first_comp_memory2,MT.TQ_heteroplasmic,0.794395020412185,1.07197296664676,0.74105881876586,0.459680186557786,0.796805731175835,0.337544215096906
first_comp_memory,MT.ND3_heteroplasmic,-0.785862955364769,1.06438059833028,-0.738328899077614,0.46133265344213,0.906561741492892,0.335985804642021
first_comp_overall2,MT.RNR2_heteroplasmic,-0.204314975015944,0.277500724245656,-0.736268258655339,0.462582208533374,0.84105856096977,0.334811074730917
first_comp_memory,MT.TQ_heteroplasmic,0.775241324912423,1.05587614568934,0.734216156011649,0.46382847692532,0.906561741492892,0.333642591204994
first_comp_overall,MT.CO2_heteroplasmic,0.431163945557566,0.589140152783218,0.731852927560037,0.465266030283413,0.772418521671594,0.33229865475024
first_z_af,MT.TF_heteroplasmic,-0.849800170088587,1.16163369850617,-0.731556058662388,0.465446792310477,0.863859164165951,0.332129958349002
first_z_wld,MT.ND1_heteroplasmic,-0.460837782877566,0.632275124463718,-0.728856418744037,0.467092395815931,0.793069648447689,0.330597202894324
first_z_moca,MT.ND3_heteroplasmic,0.972752676074512,1.3416034803005,0.725067197840476,0.469444076161437,0.673423602808004,0.328416136861321
first_comp_memory,MT.CO1_heteroplasmic,-0.26173970891961,0.364939612118055,-0.717213753257728,0.474226507980127,0.906561741492892,0.324014173791535
first_z_moca,MT.TI_heteroplasmic,-0.944091906094926,1.33846481949888,-0.705354292724998,0.481590413812482,0.673423602808004,0.317322166413389
first_comp_memory2,MT.TI_heteroplasmic,-0.744946361671734,1.07834804136551,-0.690821824768566,0.490619701453522,0.796805731175835,0.309255016136248
first_z_af,MT.RNR2_heteroplasmic,-0.210943599552888,0.308969677506348,-0.682732367963694,0.495705276274276,0.863859164165951,0.304776458450896
first_z_wll,MT.ND3_heteroplasmic,-0.787488783842529,1.16383749569801,-0.676631219352691,0.49955956704251,0.888289967125974,0.301412719459085
first_comp_overall,MT.TF_heteroplasmic,-0.681725254851042,1.0134651599088,-0.672667677014559,0.502072039086536,0.772418521671594,0.299233964263088
first_z_wld,MT.CO3_heteroplasmic,0.251150352833005,0.376905732956526,0.666347924354797,0.506092012194983,0.793069648447689,0.295770517239756
first_z_lf,MT.DLOOP1_heteroplasmic,-0.176707048487643,0.266412056358906,-0.663284728561931,0.508046630133887,0.965226621188362,0.294096424959292
first_comp_memory,MT.DLOOP1_heteroplasmic,-0.202345248512754,0.321658361631234,-0.629068827828992,0.530148396366231,0.906561741492892,0.275602547942207
first_comp_fluency,MT.ATP6_heteroplasmic,-0.382596670454529,0.609158001708504,-0.628074603602777,0.530797906278718,0.953831321247456,0.275070798869759
first_z_wld,MT.ND5_heteroplasmic,0.212453714249083,0.33878317532213,0.627108220610637,0.5314296181969,0.793069648447689,0.274554244692352
first_z_af,MT.ND3_heteroplasmic,0.708532697933912,1.13589595127464,0.623765492903495,0.533617677094873,0.863859164165951,0.272769792027041
first_z_moca,MT.CO3_heteroplasmic,0.301816816651235,0.485154225518498,0.622104891137813,0.53473682695187,0.673423602808004,0.271859905311982
first_comp_overall2,MT.TF_heteroplasmic,-0.643404085079595,1.0440280290296,-0.616270892341487,0.538540075101836,0.897566791836394,0.268781973428201
first_z_moca,MT.TQ_heteroplasmic,-0.820439076498259,1.33184991745732,-0.616014661820597,0.538738882246403,0.673423602808004,0.268621679112156
first_comp_memory,MT.ND6_heteroplasmic,-0.377070766818416,0.614792019511981,-0.613330614014368,0.540477483933188,0.906561741492892,0.267222393861002
first_comp_memory2,MT.ND3_heteroplasmic,-0.643683331914797,1.08124381738928,-0.595317468236723,0.552422933815165,0.796805731175835,0.257728300001757
first_comp_memory2,MT.ND6_heteroplasmic,-0.366632518602649,0.624240191191407,-0.587326038560422,0.557764011823084,0.796805731175835,0.253549510813715
first_comp_fluency,MT.ND3_heteroplasmic,0.60895001284953,1.03841527166739,0.586422435671364,0.558369526969726,0.953831321247456,0.253078291369885
first_comp_fluency,MT.CYB_heteroplasmic,-0.173408711348911,0.296402655513547,-0.585044391887997,0.559293590880225,0.953831321247456,0.252360157359218
first_z_af,MT.ND1_heteroplasmic,-0.385725116367263,0.663047392814545,-0.581745921252948,0.561508456707868,0.863859164165951,0.250643698576334
first_z_wll,MT.ND2_heteroplasmic,0.259117836734366,0.449749413612262,0.576138242523106,0.565283709138026,0.888289967125974,0.247733530254382
first_z_lf,MT.ND2_heteroplasmic,0.196175183459331,0.340802299890649,0.575627522238778,0.565628151454042,0.965226621188362,0.247468983728666
first_z_mocam,MT.ND2_heteroplasmic,0.307909255464626,0.538534505338409,0.571753996099357,0.568271459776241,0.811816371108916,0.24544415492296
first_z_wld,MT.RNR1_heteroplasmic,0.214218626488642,0.378547840596295,0.565895782554726,0.57221083372133,0.793069648447689,0.242443923914798
first_comp_overall,MT.ND3_heteroplasmic,-0.540932150602758,0.991035147731286,-0.54582539463013,0.585901492813428,0.837002132590611,0.232175395455859
first_z_wll,MT.CYB_heteroplasmic,-0.179745851152305,0.332362529192438,-0.540812622858074,0.589344650901858,0.888289967125974,0.229630653923212
first_comp_memory,MT.ND5_heteroplasmic,0.177035923565708,0.332975907266413,0.531677877294773,0.595643190946767,0.906561741492892,0.225013818458876
first_z_lf,MT.TQ_heteroplasmic,0.461574316679337,0.875308076500777,0.527327839272973,0.598653452516885,0.965226621188362,0.222824508517001
first_z_wld,MT.DLOOP2_heteroplasmic,-0.328041632868169,0.631237847420742,-0.51967991813,0.603962683203897,0.793069648447689,0.218989894126039
first_z_lf,MT.CYB_heteroplasmic,-0.125401165634643,0.251883733047068,-0.497853371147276,0.619230792753012,0.965226621188362,0.208147455441758
first_z_mocam,MT.CO3_heteroplasmic,0.243711247111537,0.504950023668412,0.482644292876746,0.629991926981532,0.813840844117951,0.200665015768382
first_z_moca,MT.ND2_heteroplasmic,0.24794760234585,0.517818557690925,0.478831047406849,0.632696617087962,0.68976195825721,0.198804487627083
first_comp_overall2,MT.ND3_heteroplasmic,-0.487256974381,1.02091412568028,-0.47727518125613,0.633779196464526,0.908028049446667,0.198062020445405
first_z_wld,MT.TI_heteroplasmic,-0.515283394220679,1.08179348716025,-0.476323254240804,0.634455718758151,0.793069648447689,0.197598683687605
first_comp_fluency,MT.CO3_heteroplasmic,0.171646091544828,0.361309033473668,0.475067257230195,0.635348811229018,0.953831321247456,0.196987778328988
first_comp_memory,MT.TI_heteroplasmic,-0.488684027626227,1.0629532587489,-0.45974178413208,0.646288980495747,0.906561741492892,0.189573248921346
first_z_moca,MT.RNR2_heteroplasmic,-0.180421746485805,0.397527454826121,-0.453859838598373,0.650529744951679,0.68976195825721,0.186732840880965
first_comp_fluency,MT.TF_heteroplasmic,-0.477788387111133,1.06284188915528,-0.449538536245372,0.653615840812434,0.953831321247456,0.184677430933929
first_comp_fluency,MT.ND6_heteroplasmic,-0.269384585729638,0.599747412817044,-0.449163397744935,0.653885873117198,0.953831321247456,0.184498045254641
first_z_moca,MT.ATP8_heteroplasmic,0.631489208195955,1.41189038081009,0.447265040387646,0.655273860344349,0.68976195825721,0.183577156223067
first_z_wll,MT.ND4_heteroplasmic,-0.263299965627453,0.593205650090408,-0.443859504014038,0.657708601756146,0.888289967125974,0.181966478239877
first_z_lf,MT.ND3_heteroplasmic,0.391510899239733,0.882584543172358,0.443595916412141,0.657898816733771,0.965226621188362,0.181840894703979
first_comp_memory2,MT.ATP8_heteroplasmic,-0.34665566007118,0.790894701795242,-0.43830823405987,0.661719318616165,0.857517712978076,0.179326186127258
first_z_wll,MT.TQ_heteroplasmic,0.503752203213593,1.15542566794003,0.435988412921202,0.663398271926277,0.888289967125974,0.178225664100618
first_z_wll,MT.ATP8_heteroplasmic,-0.357591609173345,0.851607201891926,-0.419902049182912,0.675087217459012,0.888289967125974,0.170640115147859
first_z_mocam,MT.ATP6_heteroplasmic,0.343597618838939,0.818491900255945,0.419793548025943,0.675185706367734,0.813840844117951,0.17057676026766
first_z_wll,MT.TI_heteroplasmic,-0.472146210956142,1.16213735235015,-0.406274017439796,0.685052235508901,0.888289967125974,0.164276312115808
first_comp_memory,MT.ATP8_heteroplasmic,-0.309266200926618,0.779074557489495,-0.396966115699124,0.691890359600374,0.906561741492892,0.159962720562179
first_z_lf,MT.ND1_heteroplasmic,-0.204071072294646,0.515167712327565,-0.396125509055368,0.692509177866664,0.965226621188362,0.159574466493933
first_z_wll,MT.ND6_heteroplasmic,-0.261569040479468,0.672510791624067,-0.388944004672099,0.697804295927763,0.888289967125974,0.156266361210666
first_z_wld,MT.ATP8_heteroplasmic,-0.293825096697299,0.792966613630953,-0.370539051262057,0.711442167516075,0.836990785313029,0.147860397546608
first_comp_memory,MT.ND4_heteroplasmic,-0.196569654151774,0.542756573058912,-0.362169089991725,0.717675487045246,0.906561741492892,0.144071887295332
first_z_wll,MT.DLOOP1_heteroplasmic,-0.127071193099294,0.351898530887887,-0.361101800506744,0.718471699529308,0.888289967125974,0.143590333974179
first_comp_overall,MT.DLOOP2_heteroplasmic,0.200239139008954,0.577312872199336,0.346846828905999,0.729135364366087,0.944829759914871,0.137191837196581
first_z_wll,MT.ATP6_heteroplasmic,0.236106382301626,0.683513919671522,0.345430247294879,0.730197994974369,0.888289967125974,0.136559363898977
first_z_mocam,MT.ND5_heteroplasmic,-0.149617218774316,0.436206891707111,-0.342995999418496,0.732040725411351,0.813840844117951,0.13546475728938
first_z_mocam,MT.ATP8_heteroplasmic,0.503109456188477,1.46918147863816,0.342442008358849,0.732456759706156,0.813840844117951,0.135218008619324
first_z_wll,MT.RNR1_heteroplasmic,-0.137196488225055,0.406835126032516,-0.337228718579451,0.736360483312909,0.888289967125974,0.132909525898106
first_z_wll,MT.ND5_heteroplasmic,0.122572780900368,0.364177534234675,0.336574251231495,0.736852982918191,0.888289967125974,0.132619154035801
first_comp_overall2,MT.ND4_heteroplasmic,-0.171182506726748,0.520142211402293,-0.329107122964013,0.742479819161781,0.908028049446667,0.129315346112821
first_comp_fluency,MT.TI_heteroplasmic,0.290313263575591,1.03681577404315,0.280004674739362,0.779814335340728,0.953831321247456,0.108008785431504
first_z_wld,MT.ND4_heteroplasmic,-0.152745202732059,0.552490680049531,-0.276466569025862,0.782525566135883,0.85312032422435,0.10650146457978
first_comp_overall,MT.ATP6_heteroplasmic,-0.16080408928943,0.581828634897218,-0.276377063012439,0.78259418882811,0.944829759914871,0.106463381287441
first_z_lf,MT.CO2_heteroplasmic,-0.144763226530178,0.525222028658677,-0.275622914941092,0.783172448665077,0.965226621188362,0.106142599043516
first_comp_overall2,MT.CO1_heteroplasmic,0.0945783088821184,0.350164198396536,0.270097026809734,0.787413214204971,0.908028049446667,0.103797301244866
first_comp_overall2,MT.ND6_heteroplasmic,-0.158464786367902,0.589662890965181,-0.268737932801777,0.788457212355268,0.908028049446667,0.10322186979507
first_z_wll,MT.TN_heteroplasmic,-0.30396523637421,1.18332806220266,-0.256873174974322,0.797587302797662,0.888289967125974,0.0982217683985112
first_z_wll,MT.CO1_heteroplasmic,-0.101640980881459,0.399464878862108,-0.254442846567607,0.799460970413376,0.888289967125974,0.0972027336036146
first_comp_memory2,MT.RNR1_heteroplasmic,-0.0945062684518884,0.377905561893321,-0.250079062023878,0.802828158658735,0.857517712978076,0.095377403329994
first_comp_memory,MT.ND1_heteroplasmic,-0.152384667942758,0.622095377757144,-0.244953866225714,0.806787584106501,0.906561741492892,0.0932407938944791
first_comp_fluency,MT.RNR2_heteroplasmic,-0.0677624682223353,0.282756115916262,-0.239649876370501,0.810890400329915,0.953831321247456,0.0910378409164542
first_comp_overall,MT.CO1_heteroplasmic,0.0811373179308185,0.34000199592762,0.23863776949148,0.811673898895429,0.944829759914871,0.0906184194732596
first_z_mocam,MT.RNR1_heteroplasmic,-0.121805798477072,0.516947175139637,-0.235625232779674,0.814017473891606,0.856860498833269,0.0893662723426789
first_comp_memory2,MT.DLOOP2_heteroplasmic,0.146860991957297,0.630089227365018,0.233079674400177,0.815979938425938,0.857517712978076,0.0883205186211591
first_comp_memory2,MT.ND4_heteroplasmic,-0.127113726546181,0.551173528768355,-0.230623787086125,0.817884390826459,0.857517712978076,0.0873080801605557
first_z_lf,MT.RNR2_heteroplasmic,0.0541511105810656,0.240224940197912,0.225418353883042,0.821924590805826,0.965226621188362,0.085168025889655
first_comp_memory,MT.RNR1_heteroplasmic,-0.0824911887464732,0.372234585422967,-0.221610758314516,0.82488288486825,0.906561741492892,0.0836077072876114
first_z_wld,MT.ATP6_heteroplasmic,-0.13741225322069,0.636511104121717,-0.215883512999034,0.829337358594676,0.85312032422435,0.0812687708095465
first_comp_overall2,MT.DLOOP2_heteroplasmic,0.127553946697114,0.594725847826898,0.214475202588202,0.830433553048342,0.908028049446667,0.0806951117964864
first_comp_memory,MT.DLOOP2_heteroplasmic,0.132265170740731,0.620625650729461,0.213115862332263,0.831491946194535,0.906561741492892,0.080141952987109
first_comp_fluency,MT.DLOOP1_heteroplasmic,-0.0660746018408191,0.313950300045786,-0.210461980228026,0.833559166951878,0.953831321247456,0.0790635680390603
first_comp_memory2,MT.ATP6_heteroplasmic,0.133442546664803,0.634954800514031,0.21016070207954,0.833793918885719,0.857517712978076,0.0789412766407681
first_z_wld,MT.RNR2_heteroplasmic,-0.0547307365325783,0.295171009540485,-0.185420433455785,0.85312032422435,0.85312032422435,0.0689897115506554
first_comp_overall2,MT.ND1_heteroplasmic,-0.107464958239705,0.596183483614069,-0.180254839648108,0.857167201662978,0.908028049446667,0.0669344549998974
first_comp_memory2,MT.RNR2_heteroplasmic,0.0529441801282668,0.294448964673322,0.179807662720111,0.857517712978076,0.857517712978076,0.0667569003590276
first_comp_memory,MT.RNR2_heteroplasmic,-0.0507736092394208,0.290020349089159,-0.175069126697078,0.861233654418248,0.906561741492892,0.0648790075961589
first_z_lf,MT.TF_heteroplasmic,-0.152455158592345,0.903416258243717,-0.168754056838345,0.866190714485345,0.965226621188362,0.0623864761930975
first_z_lf,MT.ATP6_heteroplasmic,0.0841375348898789,0.518080443660548,0.162402452976988,0.871181813747559,0.965226621188362,0.0598911992205089
first_comp_fluency,MT.CO1_heteroplasmic,-0.0567125007445574,0.356338261058186,-0.159153554199157,0.873736818069492,0.953831321247456,0.0586193633296556
first_comp_fluency,MT.ND1_heteroplasmic,-0.0941204168196571,0.606625406863682,-0.155154096341381,0.876883900562975,0.953831321247456,0.0570579034214144
first_z_lf,MT.CO3_heteroplasmic,-0.04764719448617,0.30713817977476,-0.155132763113697,0.876900692506719,0.965226621188362,0.0570495869513786
first_z_af,MT.CO1_heteroplasmic,-0.0591441088978633,0.389843679129174,-0.151712371045693,0.879593690638194,0.990680380960635,0.0557178945122977
first_comp_overall,MT.ND6_heteroplasmic,-0.0827499931535112,0.572609624054116,-0.144513800811861,0.885265940379857,0.944829759914871,0.0529262444549867
first_z_lf,MT.ND5_heteroplasmic,0.0383712585347916,0.276035082902713,0.13900862937888,0.889607866708778,0.965226621188362,0.0508013853246219
first_z_wll,MT.RNR2_heteroplasmic,-0.0427377020860657,0.317050629900835,-0.134797720160445,0.892931272455509,0.933018279472098,0.049181966802355
first_comp_overall,MT.ND1_heteroplasmic,0.0746184402426654,0.578881282543938,0.128901110629711,0.897588271919127,0.944829759914871,0.046922830635688
first_z_lf,MT.ND4_heteroplasmic,-0.0551365693136084,0.449747489067639,-0.12259450170119,0.902573016449837,0.965226621188362,0.0445176543989779
first_comp_overall2,MT.TQ_heteroplasmic,0.118100067304973,1.01337679302719,0.116541120852176,0.907361259321194,0.908028049446667,0.0422197673029783
first_comp_overall2,MT.ATP6_heteroplasmic,-0.0693448116940683,0.599357921255335,-0.115698498734826,0.908028049446667,0.908028049446667,0.0419007356950426
first_z_lf,MT.DLOOP2_heteroplasmic,0.0536834731605955,0.514149214172266,0.104412243918375,0.916965290128944,0.965226621188362,0.0376471033602597
first_comp_memory,MT.ATP6_heteroplasmic,0.0570282710190968,0.625467709535815,0.0911770026648055,0.927459293369116,0.927459293369116,0.0327051426866379
first_z_wll,MT.ND1_heteroplasmic,0.0572504974406787,0.680156364938281,0.0841725526539383,0.933018279472098,0.933018279472098,0.0301098475760109
first_z_af,MT.TQ_heteroplasmic,-0.0911460718322846,1.12806715143889,-0.0807984451244988,0.935697287469493,0.990680380960635,0.0288646295151128
first_comp_fluency,MT.DLOOP2_heteroplasmic,-0.0417620391438365,0.605200647518344,-0.0690052783569942,0.945066517786485,0.953831321247456,0.0245376229288806
first_comp_fluency,MT.CO2_heteroplasmic,-0.0393104856051041,0.618353965795096,-0.0635727880463379,0.949385088405179,0.953831321247456,0.0225575938460186
first_z_af,MT.CO3_heteroplasmic,-0.0247162518942268,0.395536902584723,-0.0624878531755519,0.950247743699112,0.990680380960635,0.022163152927372
first_comp_overall,MT.TQ_heteroplasmic,0.0586807397304212,0.983950044812407,0.0596379257664538,0.952514060519348,0.952514060519348,0.0211286047747626
first_comp_fluency,MT.TQ_heteroplasmic,-0.059786712845558,1.03113116029945,-0.0579816759957051,0.953831321247456,0.953831321247456,0.020528420608802
first_z_af,MT.ND6_heteroplasmic,0.0329993465234779,0.656519740978382,0.0502640582814775,0.959970973251607,0.990680380960635,0.0177418985721393
first_z_mocam,MT.RNR2_heteroplasmic,0.0133003526365409,0.413812207219696,0.0321410350020914,0.974398661957461,0.974398661957461,0.0112633210832135
first_z_af,MT.DLOOP1_heteroplasmic,0.00928320144237356,0.343511774021109,0.0270244054045237,0.978471965852608,0.990680380960635,0.00945161277545306
first_z_af,MT.CO2_heteroplasmic,-0.0167134860993171,0.676498159688387,-0.0247058855370956,0.980318536780193,0.990680380960635,0.00863278523796809
first_z_lf,MT.RNR1_heteroplasmic,0.00701582233723506,0.308385647265299,0.0227501584443049,0.981876246760125,0.981876246760125,0.00794324616011576
first_z_af,MT.DLOOP2_heteroplasmic,0.00774527966837861,0.6621103516981,0.0116978682609545,0.990680380960635,0.990680380960635,0.00406643751709279
first_z_moca,MT.RNR1_heteroplasmic,0.00230891342810177,0.496998034465447,0.00464571943546045,0.99629891177368,0.99629891177368,0.00161034404805073
